PERIODO;MES;INDICE;VAR_MES;VAR_DIC;VAR_12;PROM_12
1984;ENERO; 1.38 ; 1.74 ; 1.74 ; 7.05 ; 5.57 
1984;FEBRERO; 1.42 ; 2.81 ; 4.60 ; 11.18 ; 6.01 
1984;MARZO; 1.44 ; 1.23 ; 5.89 ; 11.92 ; 6.52 
1984;ABRIL; 1.46 ; 1.57 ; 7.55 ; 14.88 ; 7.36 
1984;MAYO; 1.48 ; 1.20 ; 8.84 ; 15.22 ; 8.26 
1984;JUNIO; 1.54 ; 4.31 ; 13.52 ; 19.62 ; 9.49 
1984;JULIO; 1.56 ; 1.29 ; 14.99 ; 20.74 ; 10.80 
1984;AGOSTO; 1.57 ; 0.46 ; 15.51 ; 20.13 ; 12.01 
1984;SEPTIEMBRE; 1.64 ; 4.69 ; 20.93 ; 24.82 ; 13.65 
1984;OCTUBRE; 1.68 ; 2.34 ; 23.76 ; 26.31 ; 15.40 
1984;NOVIEMBRE; 1.73 ; 3.17 ; 27.68 ; 29.48 ; 17.37 
1984;DICIEMBRE; 1.88 ; 8.58 ; 38.64 ; 38.64 ; 20.15 
1985;ENERO; 2.02 ;7.23;7.23;46.12;23.51
1985;FEBRERO; 2.14 ;6.08;13.75;50.77;26.94
1985;MARZO; 2.17 ;1.68;15.67;51.44;30.34
1985;ABRIL; 2.20 ;1.05;16.88;50.67;33.39
1985;MAYO; 2.26 ;2.66;19.99;52.85;36.56
1985;JUNIO; 2.28 ;1.2;21.43;48.3;38.96
1985;JULIO; 2.31 ;1.12;22.79;48.05;41.18
1985;AGOSTO; 2.31 ;0.13;22.95;47.56;43.37
1985;SEPTIEMBRE; 2.35 ;1.85;25.23;43.56;44.78
1985;OCTUBRE; 2.37 ;0.63;26.01;41.15;45.81
1985;NOVIEMBRE; 2.40 ;1.35;27.71;38.67;46.33
1985;DICIEMBRE; 2.46 ;2.46;30.85;30.85;45.34
1986;ENERO; 2.47 ;0.39;0.39;22.5;42.91
1986;FEBRERO; 2.44 ;-1.19;-0.81;14.1;39.29
1986;MARZO; 2.41 ;-1.26;-2.06;10.8;35.48
1986;ABRIL; 2.40 ;-0.29;-2.34;9.33;31.8
1986;MAYO; 2.38 ;-0.79;-3.11;5.66;27.77
1986;JUNIO; 2.39 ;0.11;-3.01;4.52;24.11
1986;JULIO; 2.40 ;0.61;-2.41;3.99;20.6
1986;AGOSTO; 2.40 ;0.17;-2.25;4.03;17.33
1986;SEPTIEMBRE; 2.47 ;2.59;0.28;4.79;14.47
1986;OCTUBRE; 2.50 ;1.52;1.81;5.72;11.95
1986;NOVIEMBRE; 2.52 ;0.48;2.29;4.81;9.57
1986;DICIEMBRE; 2.57 ;2.06;4.4;4.4;7.64
1987;ENERO; 2.55 ;-0.7;-0.7;3.27;6.17
1987;FEBRERO; 2.56 ;0.46;-0.24;5;5.46
1987;MARZO; 2.59 ;1;0.76;7.4;5.22
1987;ABRIL; 2.63 ;1.76;2.53;9.61;5.27
1987;MAYO; 2.67 ;1.41;3.97;12.03;5.8
1987;JUNIO; 2.76 ;3.46;7.57;15.78;6.73
1987;JULIO; 2.81 ;1.9;9.61;17.27;7.83
1987;AGOSTO; 2.82 ;0.17;9.8;17.27;8.92
1987;SEPTIEMBRE; 2.86 ;1.39;11.33;15.9;9.85
1987;OCTUBRE; 2.91 ;1.79;13.32;16.2;10.73
1987;NOVIEMBRE; 3.01 ;3.38;17.15;19.56;11.98
1987;DICIEMBRE; 3.15 ;4.71;22.67;22.67;13.55
1988;ENERO; 3.27 ;3.86;3.86;28.31;15.69
1988;FEBRERO; 3.36 ;2.71;6.68;31.19;17.92
1988;MARZO; 3.45 ;2.76;9.63;33.48;20.13
1988;ABRIL; 3.48 ;0.81;10.51;32.23;22.03
1988;MAYO; 3.56 ;2.3;13.05;33.39;23.82
1988;JUNIO; 3.78 ;6.16;20.02;36.86;25.62
1988;JULIO; 4.07 ;7.65;29.19;44.58;27.99
1988;AGOSTO; 4.28 ;5.05;35.72;51.63;30.93
1988;SEPTIEMBRE; 4.41 ;3.18;40.04;54.31;34.19
1988;OCTUBRE; 4.59 ;3.96;45.59;57.61;37.7
1988;NOVIEMBRE; 4.78 ;4.3;51.85;59.01;41.05
1988;DICIEMBRE; 4.91 ;2.6;55.8;55.8;43.86
1989;ENERO; 4.98 ;1.38;1.38;52.07;45.82
1989;FEBRERO; 5.00 ;0.56;1.94;48.88;47.19
1989;MARZO; 5.06 ;1.24;3.21;46.67;48.13
1989;ABRIL; 5.17 ;2.03;5.3;48.45;49.31
1989;MAYO; 5.33 ;3.19;8.66;49.75;50.48
1989;JUNIO; 5.47 ;2.49;11.37;44.58;50.88
1989;JULIO; 5.57 ;1.99;13.59;36.98;49.9
1989;AGOSTO; 5.71 ;2.43;16.35;33.56;48.09
1989;SEPTIEMBRE; 5.92 ;3.7;20.66;34.24;46.24
1989;OCTUBRE; 6.24 ;5.41;27.19;36.11;44.45
1989;NOVIEMBRE; 6.37 ;2.05;29.8;33.17;42.33
1989;DICIEMBRE; 6.61 ;3.7;34.59;34.59;40.66
1990;ENERO;6.72;1.69;1.69;35;39.34
1990;FEBRERO;6.76;0.67;2.37;35.16;38.31
1990;MARZO;6.87;1.6;4.01;35.64;37.51
1990;ABRIL;7.06;2.71;6.83;36.55;36.72
1990;MAYO;7.22;2.26;9.24;35.31;35.76
1990;JUNIO;7.39;2.44;11.91;35.24;35.14
1990;JULIO;7.76;5.02;17.52;39.25;35.4
1990;AGOSTO;8.66;11.54;31.09;51.64;37.05
1990;SEPTIEMBRE;9.5;9.71;43.82;60.43;39.46
1990;OCTUBRE;10.43;9.83;57.96;67.15;42.39
1990;NOVIEMBRE;11.21;7.43;69.69;75.96;46.32
1990;DICIEMBRE;11.88;6.03;79.92;79.92;50.46
1991;ENERO;11.9;0.12;0.12;77.14;54.16
1991;FEBRERO;12.34;3.72;3.84;82.49;58.21
1991;MARZO;12.46;0.99;4.87;81.4;61.97
1991;ABRIL;12.28;-1.44;3.35;74.06;64.87
1991;MAYO;12.25;-0.3;3.05;69.71;67.39
1991;JUNIO;12.28;0.24;3.29;66.07;69.5
1991;JULIO;12.32;0.34;3.64;58.66;70.55
1991;AGOSTO;12.5;1.51;5.2;44.38;69.13
1991;SEPTIEMBRE;12.67;1.32;6.58;33.34;65.82
1991;OCTUBRE;12.7;0.3;6.9;21.76;60.7
1991;NOVIEMBRE;12.71;0.04;6.95;13.39;54.17
1991;DICIEMBRE;12.82;0.89;7.9;7.9;47.08
1992;ENERO;12.83;0.02;0.02;7.8;40.8
1992;FEBRERO;12.63;-1.5;-1.48;2.37;34.07
1992;MARZO;12.56;-0.59;-2.07;0.77;27.78
1992;ABRIL;12.62;0.51;-1.57;2.77;22.63
1992;MAYO;12.68;0.44;-1.13;3.53;18.15
1992;JUNIO;13.03;2.74;1.58;6.12;14.38
1992;JULIO;12.96;-0.53;1.04;5.2;11.05
1992;AGOSTO;13.08;0.94;1.99;4.62;8.44
1992;SEPTIEMBRE;13.17;0.7;2.71;3.98;6.42
1992;OCTUBRE;13.24;0.53;3.25;4.22;5.14
1992;NOVIEMBRE;13.31;0.49;3.76;4.68;4.47
1992;DICIEMBRE;13.49;1.36;5.17;5.17;4.26
1993;ENERO;13.6;0.86;0.86;6.05;4.13
1993;FEBRERO;13.59;-0.09;0.77;7.57;4.56
1993;MARZO;13.5;-0.63;0.14;7.53;5.13
1993;ABRIL;13.45;-0.38;-0.24;6.58;5.44
1993;MAYO;13.5;0.33;0.09;6.46;5.68
1993;JUNIO;13.59;0.67;0.77;4.32;5.53
1993;JULIO;13.66;0.49;1.26;5.39;5.54
1993;AGOSTO;13.65;-0.03;1.22;4.37;5.52
1993;SEPTIEMBRE;13.73;0.58;1.81;4.25;5.54
1993;OCTUBRE;13.79;0.45;2.27;4.16;5.53
1993;NOVIEMBRE;13.83;0.25;2.53;3.92;5.46
1993;DICIEMBRE;13.86;0.26;2.79;2.79;5.25
1994;ENERO;13.96;0.7;0.7;2.62;4.96
1994;FEBRERO;14.11;1.09;1.8;3.84;4.65
1994;MARZO;14.26;1.04;2.86;5.58;4.5
1994;ABRIL;14.42;1.16;4.05;7.2;4.56
1994;MAYO;14.57;1.03;5.12;7.95;4.7
1994;JUNIO;14.7;0.9;6.06;8.19;5.03
1994;JULIO;14.73;0.18;6.26;7.86;5.24
1994;AGOSTO;14.9;1.15;7.48;9.14;5.64
1994;SEPTIEMBRE;15.1;1.34;8.91;9.96;6.11
1994;OCTUBRE;15.28;1.2;10.22;10.78;6.67
1994;NOVIEMBRE;15.41;0.84;11.15;11.43;7.3
1994;DICIEMBRE;15.85;2.85;14.31;14.31;8.26
1995;ENERO;16.09;1.54;1.54;15.27;9.32
1995;FEBRERO;16.15;0.39;1.94;14.47;10.22
1995;MARZO;16.28;0.82;2.77;14.22;10.94
1995;ABRIL;16.26;-0.14;2.63;12.76;11.4
1995;MAYO;16.33;0.43;3.06;12.08;11.74
1995;JUNIO;16.43;0.63;3.72;11.79;12.03
1995;JULIO;16.54;0.66;4.4;12.32;12.39
1995;AGOSTO;16.73;1.13;5.58;12.29;12.64
1995;SEPTIEMBRE;16.99;1.55;7.21;12.53;12.84
1995;OCTUBRE;17.11;0.72;7.99;11.99;12.93
1995;NOVIEMBRE;17.27;0.92;8.98;12.08;12.98
1995;DICIEMBRE;17.31;0.22;9.22;9.22;12.54
1996;ENERO;17.29;-0.08;-0.08;7.48;11.87
1996;FEBRERO;17.31;0.13;0.05;7.19;11.25
1996;MARZO;17.34;0.14;0.19;6.47;10.6
1996;ABRIL;17.36;0.12;0.31;6.75;10.09
1996;MAYO;17.4;0.23;0.54;6.54;9.63
1996;JUNIO;17.46;0.34;0.89;6.24;9.16
1996;JULIO;17.5;0.26;1.15;5.81;8.63
1996;AGOSTO;17.53;0.16;1.31;4.8;8.01
1996;SEPTIEMBRE;17.63;0.55;1.86;3.77;7.29
1996;OCTUBRE;17.67;0.23;2.09;3.26;6.57
1996;NOVIEMBRE;17.78;0.66;2.76;2.99;5.83
1996;DICIEMBRE;17.99;1.15;3.95;3.95;5.4
1997;ENERO;18.49;2.81;2.81;6.95;5.37
1997;FEBRERO;18.47;-0.12;2.68;6.68;5.33
1997;MARZO;18.5;0.14;2.82;6.68;5.36
1997;ABRIL;18.66;0.86;3.71;7.47;5.43
1997;MAYO;18.69;0.19;3.9;7.43;5.51
1997;JUNIO;18.77;0.43;4.36;7.52;5.62
1997;JULIO;19.13;1.9;6.34;9.28;5.91
1997;AGOSTO;19.25;0.62;6.99;9.78;6.33
1997;SEPTIEMBRE;19.37;0.63;7.67;9.87;6.84
1997;OCTUBRE;19.43;0.32;8.01;9.98;7.4
1997;NOVIEMBRE;19.46;0.16;8.19;9.43;7.93
1997;DICIEMBRE;19.49;0.17;8.37;8.37;8.3
1998;ENERO;19.51;0.09;0.09;5.51;8.16
1998;FEBRERO;19.5;-0.06;0.03;5.57;8.06
1998;MARZO;19.47;-0.16;-0.13;5.25;7.93
1998;ABRIL;19.45;-0.12;-0.25;4.23;7.64
1998;MAYO;19.53;0.44;0.19;4.49;7.39
1998;JUNIO;19.63;0.52;0.72;4.59;7.14
1998;JULIO;19.76;0.63;1.35;3.29;6.63
1998;AGOSTO;19.8;0.23;1.59;2.89;6.05
1998;SEPTIEMBRE;19.93;0.65;2.25;2.91;5.48
1998;OCTUBRE;20.37;2.2;4.5;4.84;5.07
1998;NOVIEMBRE;20.74;1.82;6.4;6.58;4.86
1998;DICIEMBRE;21.02;1.33;7.82;7.82;4.83
1999;ENERO;20.91;-0.53;-0.53;7.15;4.98
1999;FEBRERO;20.85;-0.27;-0.8;6.92;5.09
1999;MARZO;20.96;0.52;-0.28;7.66;5.3
1999;ABRIL;21.01;0.26;-0.02;8.07;5.62
1999;MAYO;21;-0.05;-0.07;7.54;5.87
1999;JUNIO;20.89;-0.55;-0.62;6.39;6.01
1999;JULIO;20.84;-0.25;-0.87;5.46;6.19
1999;AGOSTO;20.9;0.28;-0.59;5.51;6.4
1999;SEPTIEMBRE;20.98;0.4;-0.19;5.25;6.59
1999;OCTUBRE;21.72;3.51;3.31;6.59;6.74
1999;NOVIEMBRE;22.03;1.43;4.79;6.19;6.7
1999;DICIEMBRE;22.09;0.29;5.1;5.1;6.47
2000;ENERO;22.16;0.31;0.31;5.99;6.37
2000;FEBRERO;22.17;0.05;0.36;6.33;6.33
2000;MARZO;22.16;-0.05;0.31;5.73;6.17
2000;ABRIL;22.18;0.07;0.38;5.52;5.96
2000;MAYO;22.19;0.08;0.45;5.65;5.81
2000;JUNIO;22.41;0.98;1.44;7.28;5.89
2000;JULIO;22.51;0.46;1.9;8.04;6.1
2000;AGOSTO;22.77;1.14;3.07;8.97;6.39
2000;SEPTIEMBRE;23.64;3.85;7.03;12.71;7.01
2000;OCTUBRE;23.71;0.27;7.32;9.18;7.23
2000;NOVIEMBRE;23.82;0.48;7.83;8.14;7.39
2000;DICIEMBRE;24.08;1.11;9.02;9.02;7.72
2001;ENERO;24.69;2.5;2.5;11.4;8.18
2001;FEBRERO;24.72;0.14;2.64;11.5;8.62
2001;MARZO;24.61;-0.42;2.21;11.08;9.07
2001;ABRIL;24.77;0.62;2.84;11.69;9.58
2001;MAYO;24.83;0.26;3.11;11.9;10.09
2001;JUNIO;24.69;-0.56;2.53;10.19;10.33
2001;JULIO;24.63;-0.24;2.28;9.43;10.43
2001;AGOSTO;24.82;0.74;3.04;8.99;10.42
2001;SEPTIEMBRE;25.04;0.91;3.98;5.91;9.85
2001;OCTUBRE;25.1;0.25;4.24;5.89;9.55
2001;NOVIEMBRE;25.08;-0.1;4.13;5.28;9.29
2001;DICIEMBRE;25.14;0.24;4.38;4.38;8.88
2002;ENERO;25.28;0.57;0.57;2.41;8.1
2002;FEBRERO;25.29;0.04;0.61;2.32;7.32
2002;MARZO;25.58;1.14;1.75;3.92;6.73
2002;ABRIL;25.75;0.68;2.45;3.98;6.1
2002;MAYO;25.66;-0.36;2.08;3.34;5.41
2002;JUNIO;25.69;0.11;2.2;4.05;4.93
2002;JULIO;25.79;0.4;2.6;4.71;4.56
2002;AGOSTO;26.02;0.89;3.52;4.87;4.24
2002;SEPTIEMBRE;26.39;1.41;4.97;5.39;4.2
2002;OCTUBRE;27.16;2.91;8.03;8.18;4.41
2002;NOVIEMBRE;27.29;0.48;8.54;8.8;4.71
2002;DICIEMBRE;27.78;1.82;10.51;10.51;5.22
2003;ENERO;28.7;3.29;3.29;13.5;6.16
2003;FEBRERO;29.84;3.98;7.4;17.97;7.47
2003;MARZO;30.37;1.77;9.3;18.71;8.72
2003;ABRIL;30.45;0.29;9.62;18.25;9.92
2003;MAYO;30.82;1.19;10.93;20.09;11.33
2003;JUNIO;32.4;5.14;16.62;26.11;13.18
2003;JULIO;33.59;3.66;20.89;30.21;15.31
2003;AGOSTO;34.62;3.06;24.59;33.01;17.66
2003;SEPTIEMBRE;35.14;1.5;26.47;33.14;20
2003;OCTUBRE;36.05;2.59;29.75;32.74;22.08
2003;NOVIEMBRE;38.22;6.01;37.55;40.05;24.72
2003;DICIEMBRE;39.63;3.71;42.66;42.66;27.45
2004;ENERO;43.29;9.23;9.23;50.86;30.68
2004;FEBRERO;48.16;11.25;21.52;61.42;34.53
2004;MARZO;49.29;2.34;24.37;62.32;38.36
2004;ABRIL;49.64;0.7;25.24;62.98;42.18
2004;MAYO;50.94;2.63;28.53;65.29;45.99
2004;JUNIO;51.95;1.99;31.09;60.35;48.83
2004;JULIO;52.27;0.62;31.89;55.64;50.85
2004;AGOSTO;52.56;0.54;32.61;51.84;52.24
2004;SEPTIEMBRE;51.96;-1.13;31.11;47.89;53.19
2004;OCTUBRE;52.66;1.35;32.88;46.09;53.99
2004;NOVIEMBRE;51.79;-1.65;30.68;35.53;53.15
2004;DICIEMBRE;51.02;-1.49;28.74;28.74;51.46
2005;ENERO;51.43;0.79;0.79;18.79;48.09
2005;FEBRERO;51.45;0.04;0.83;6.82;42.58
2005;MARZO;51.41;-0.07;0.75;4.29;37.07
2005;ABRIL;51.57;0.31;1.07;3.9;31.9
2005;MAYO;51.41;-0.3;0.77;0.93;26.59
2005;JUNIO;51.44;0.06;0.82;-0.98;21.64
2005;JULIO;51.75;0.6;1.43;-1;17.25
2005;AGOSTO;52.44;1.34;2.78;-0.22;13.38
2005;SEPTIEMBRE;54.15;3.26;6.13;4.22;10.38
2005;OCTUBRE;54.76;1.11;7.31;3.97;7.59
2005;NOVIEMBRE;54.3;-0.84;6.41;4.83;5.55
2005;DICIEMBRE;54.82;0.96;7.44;7.44;4.19
2006;ENERO;55.67;1.55;1.55;8.25;3.5
2006;FEBRERO;55.6;-0.12;1.43;8.08;3.62
2006;MARZO;55.65;0.09;1.52;8.26;3.95
2006;ABRIL;55.98;0.59;2.12;8.56;4.34
2006;MAYO;56.3;0.57;2.71;9.51;5.05
2006;JUNIO;56.73;0.76;3.49;10.27;5.99
2006;JULIO;57.24;0.9;4.41;10.6;6.96
2006;AGOSTO;57.35;0.19;4.61;9.35;7.77
2006;SEPTIEMBRE;56.72;-1.1;3.46;4.73;7.8
2006;OCTUBRE;56.77;0.1;3.57;3.68;7.76
2006;NOVIEMBRE;57.14;0.64;4.23;5.23;7.79
2006;DICIEMBRE;57.56;0.74;5;5;7.57
2007;ENERO;58.1;0.93;0.93;4.36;7.24
2007;FEBRERO;58.27;0.31;1.24;4.81;6.96
2007;MARZO;58.73;0.79;2.04;5.54;6.73
2007;ABRIL;59.21;0.81;2.87;5.77;6.5
2007;MAYO;59.84;1.06;3.96;6.28;6.25
2007;JUNIO;60.08;0.4;4.38;5.91;5.9
2007;JULIO;60.24;0.26;4.65;5.24;5.48
2007;AGOSTO;59.85;-0.64;3.98;4.36;5.08
2007;SEPTIEMBRE;60.58;1.22;5.25;6.81;5.26
2007;OCTUBRE;60.87;0.48;5.75;7.21;5.55
2007;NOVIEMBRE;61.96;1.8;7.65;8.45;5.82
2007;DICIEMBRE;62.67;1.14;8.88;8.88;6.14
2008;ENERO;63.35;1.09;1.09;9.05;6.54
2008;FEBRERO;63.33;-0.03;1.06;8.68;6.86
2008;MARZO;64.42;1.71;2.79;9.67;7.21
2008;ABRIL;65.63;1.88;4.72;10.83;7.64
2008;MAYO;65.85;0.33;5.07;10.03;7.95
2008;JUNIO;67.41;2.38;7.57;12.2;8.48
2008;JULIO;68.51;1.62;9.31;13.73;9.2
2008;AGOSTO;68.57;0.09;9.41;14.57;10.05
2008;SEPTIEMBRE;69.41;1.23;10.76;14.58;10.7
2008;OCTUBRE;68.68;-1.05;9.6;12.84;11.16
2008;NOVIEMBRE;66.43;-3.28;6.01;7.21;11.04
2008;DICIEMBRE;65.5;-1.4;4.52;4.52;10.64
2009;ENERO;65.68;0.28;0.28;3.68;10.16
2009;FEBRERO;65.89;0.31;0.59;4.03;9.75
2009;MARZO;65.99;0.16;0.74;2.44;9.12
2009;ABRIL;66.08;0.14;0.89;0.69;8.24
2009;MAYO;66.16;0.11;1;0.47;7.41
2009;JUNIO;67.59;2.16;3.19;0.26;6.39
2009;JULIO;67.67;0.12;3.31;-1.22;5.13
2009;AGOSTO;68.25;0.85;4.19;-0.47;3.9
2009;SEPTIEMBRE;68.32;0.11;4.31;-1.57;2.59
2009;OCTUBRE;68.48;0.23;4.55;-0.3;1.55
2009;NOVIEMBRE;69.21;1.07;5.66;4.18;1.33
2009;DICIEMBRE;69.28;0.1;5.76;5.76;1.44
2010;ENERO;70.19;1.31;1.31;6.85;1.71
2010;FEBRERO;70.28;0.14;1.45;6.68;1.93
2010;MARZO;70.89;0.86;2.33;7.43;2.34
2010;ABRIL;71.14;0.36;2.69;7.66;2.92
2010;MAYO;71.38;0.34;3.04;7.9;3.53
2010;JUNIO;71.26;-0.17;2.87;5.44;3.96
2010;JULIO;71.51;0.34;3.22;5.67;4.55
2010;AGOSTO;71.66;0.22;3.45;5.01;5.01
2010;SEPTIEMBRE;72.22;0.77;4.24;5.7;5.64
2010;OCTUBRE;72.7;0.67;4.95;6.17;6.2
2010;NOVIEMBRE;72.93;0.31;5.27;5.37;6.29
2010;DICIEMBRE;73.6;0.92;6.24;6.24;6.33
2011;ENERO;74.51;1.24;1.24;6.17;6.27
2011;FEBRERO;75.41;1.2;2.46;7.29;6.33
2011;MARZO;76.28;1.16;3.65;7.61;6.35
2011;ABRIL;76.95;0.87;4.55;8.16;6.4
2011;MAYO;77.12;0.22;4.78;8.03;6.42
2011;JUNIO;77.9;1.02;5.85;9.32;6.75
2011;JULIO;78.57;0.85;6.75;9.87;7.1
2011;AGOSTO;78.96;0.5;7.28;10.18;7.53
2011;SEPTIEMBRE;79.13;0.21;7.51;9.57;7.85
2011;OCTUBRE;79.15;0.03;7.54;8.86;8.07
2011;NOVIEMBRE;79.22;0.09;7.64;8.63;8.34
2011;DICIEMBRE;79.31;0.11;7.76;7.76;8.46
2012;ENERO;79.66;0.44;0.44;6.9;8.51
2012;FEBRERO;79.94;0.35;0.79;6;8.39
2012;MARZO;80.05;0.15;0.94;4.94;8.16
2012;ABRIL;80.06;0.01;0.95;4.05;7.8
2012;MAYO;79.85;-0.27;0.68;3.54;7.41
2012;JUNIO;80.02;0.21;0.89;2.71;6.84
2012;JULIO;79.85;-0.2;0.69;1.64;6.15
2012;AGOSTO;80.66;1.01;1.71;2.16;5.48
2012;SEPTIEMBRE;81.19;0.65;2.37;2.6;4.91
2012;OCTUBRE;81.38;0.24;2.61;2.82;4.42
2012;NOVIEMBRE;81.89;0.63;3.26;3.37;4
2012;DICIEMBRE;82.41;0.63;3.91;3.91;3.69
2013;ENERO;83.45;1.26;1.26;4.76;3.53
2013;FEBRERO;83.72;0.33;1.59;4.73;3.43
2013;MARZO;84.03;0.38;1.97;4.97;3.44
2013;ABRIL;83.98;-0.06;1.91;4.9;3.52
2013;MAYO;83.83;-0.18;1.72;4.99;3.64
2013;JUNIO;83.86;0.04;1.76;4.8;3.81
2013;JULIO;84.38;0.62;2.39;5.67;4.15
2013;AGOSTO;84.94;0.66;3.07;5.3;4.41
2013;SEPTIEMBRE;85.35;0.49;3.57;5.13;4.62
2013;OCTUBRE;85.23;-0.14;3.43;4.74;4.77
2013;NOVIEMBRE;85.29;0.06;3.49;4.14;4.84
2013;DICIEMBRE;85.6;0.37;3.88;3.88;4.83
2014;ENERO;85.8;0.23;0.23;2.82;4.66
2014;FEBRERO;86.1;0.34;0.58;2.84;4.5
2014;MARZO;86.54;0.52;1.1;2.99;4.33
2014;ABRIL;86.91;0.43;1.53;3.49;4.21
2014;MAYO;86.93;0.02;1.55;3.7;4.11
2014;JUNIO;86.94;0.02;1.56;3.68;4.02
2014;JULIO;87.26;0.36;1.93;3.41;3.83
2014;AGOSTO;87.6;0.39;2.33;3.13;3.65
2014;SEPTIEMBRE;87.77;0.19;2.53;2.83;3.46
2014;OCTUBRE;87.69;-0.08;2.44;2.88;3.31
2014;NOVIEMBRE;87.57;-0.14;2.3;2.68;3.19
2014;DICIEMBRE;86.96;-0.7;1.58;1.58;3
2015;ENERO;86.79;-0.19;-0.19;1.16;2.86
2015;FEBRERO;86.97;0.2;0.02;1.02;2.7
2015;MARZO;87.1;0.14;0.16;0.64;2.51
2015;ABRIL;86.88;-0.25;-0.09;-0.04;2.21
2015;MAYO;87.13;0.29;0.19;0.23;1.92
2015;JUNIO;87.48;0.41;0.6;0.62;1.67
2015;JULIO;87.69;0.24;0.85;0.5;1.43
2015;AGOSTO;87.97;0.32;1.17;0.43;1.2
2015;SEPTIEMBRE;88.11;0.16;1.33;0.39;1
2015;OCTUBRE;88.77;0.74;2.08;1.23;0.86
2015;NOVIEMBRE;88.91;0.17;2.25;1.54;0.77
2015;DICIEMBRE;89;0.09;2.34;2.34;0.84
2016;ENERO;88.99;-0.01;-0.01;2.53;0.95
2016;FEBRERO;88.49;-0.56;-0.57;1.74;1.01
2016;MARZO;88.48;-0.01;-0.58;1.59;1.09
2016;ABRIL;88.4;-0.09;-0.67;1.75;1.24
2016;MAYO;88.62;0.25;-0.42;1.71;1.36
2016;JUNIO;89.15;0.6;0.17;1.91;1.47
2016;JULIO;89.32;0.19;0.36;1.85;1.58
2016;AGOSTO;89.27;-0.06;0.31;1.47;1.67
2016;SEPTIEMBRE;89.3;0.04;0.35;1.35;1.75
2016;OCTUBRE;89.58;0.3;0.65;0.91;1.72
2016;NOVIEMBRE;89.69;0.13;0.79;0.88;1.67
2016;DICIEMBRE;90.5;0.9;1.7;1.7;1.61
2017;ENERO;91.06;0.62;0.62;2.33;1.6
2017;FEBRERO;91.45;0.42;1.04;3.34;1.73
2017;MARZO;91.26;-0.2;0.84;3.14;1.86
2017;ABRIL;91.5;0.27;1.11;3.51;2.01
2017;MAYO;91.37;-0.14;0.96;3.11;2.13
2017;JUNIO;91.42;0.06;1.02;2.55;2.18
2017;JULIO;91.59;0.18;1.2;2.54;2.24
2017;AGOSTO;92.11;0.57;1.77;3.18;2.38
2017;SEPTIEMBRE;92.7;0.64;2.42;3.8;2.58
2017;OCTUBRE;92.7;0;2.42;3.48;2.8
2017;NOVIEMBRE;93.4;0.76;3.2;4.14;3.07
2017;DICIEMBRE;94.31;0.97;4.2;4.2;3.28
2018;ENERO;94.58;0.29;0.29;3.86;3.41
2018;FEBRERO;94.48;-0.11;0.18;3.32;3.41
2018;MARZO;94.83;0.37;0.55;3.91;3.47
2018;ABRIL;95.21;0.4;0.95;4.05;3.51
2018;MAYO;95.46;0.26;1.22;4.47;3.63
2018;JUNIO;95.66;0.21;1.43;4.63;3.8
2018;JULIO;95.64;-0.02;1.41;4.43;3.96
2018;AGOSTO;95.67;0.03;1.44;3.87;4.01
2018;SEPTIEMBRE;95.74;0.08;1.52;3.29;3.97
2018;OCTUBRE;95.96;0.22;1.75;3.52;3.97
2018;NOVIEMBRE;95.62;-0.35;1.39;2.37;3.82
2018;DICIEMBRE;95.41;-0.22;1.17;1.17;3.56
2019;ENERO;95.25;-0.17;-0.17;0.71;3.3
2019;FEBRERO;95.6;0.37;0.2;1.19;3.12
2019;MARZO;96.23;0.65;0.86;1.47;2.91
2019;ABRIL;96.74;0.53;1.39;1.61;2.71
2019;MAYO;96.71;-0.03;1.36;1.31;2.45
2019;JUNIO;96.53;-0.18;1.17;0.92;2.14
2019;JULIO;96.98;0.47;1.64;1.4;1.89
2019;AGOSTO;97.31;0.34;1.99;1.72;1.72
2019;SEPTIEMBRE;97.68;0.38;2.38;2.02;1.61
2019;OCTUBRE;98.33;0.67;3.06;2.48;1.53
2019;NOVIEMBRE;98.7;0.37;3.45;3.23;1.6
2019;DICIEMBRE;98.9;0.2;3.66;3.66;1.81
2020;ENERO;99.23;0.33;0.33;4.17;2.1
2020;FEBRERO;99.1;-0.13;0.2;3.66;2.3
2020;MARZO;98.58;-0.52;-0.32;2.45;2.38
2020;ABRIL;97.78;-0.82;-1.14;1.07;2.34
2020;MAYO;97.66;-0.11;-1.25;0.99;2.31
2020;JUNIO;99.33;1.7;0.43;2.9;2.47
2020;JULIO;101.2;1.88;2.32;4.35;2.72
2020;AGOSTO;101.99;0.78;3.12;4.8;2.98
2020;SEPTIEMBRE;102.6;0.6;3.74;5.03;3.23
2020;OCTUBRE;103.28;0.66;4.42;5.03;3.45
2020;NOVIEMBRE;103.89;0.6;5.05;5.26;3.62
2020;DICIEMBRE;104.39;0.48;5.55;5.55;3.78
2021;ENERO;105.4;0.97;0.97;6.23;3.96
2021;FEBRERO;106.12;0.68;1.66;7.09;4.25
2021;MARZO;106.76;0.6;2.27;8.3;4.73
2021;ABRIL;107.21;0.41;2.69;9.65;5.44
2021;MAYO;107.9;0.65;3.36;10.48;6.23
2021;JUNIO;108.59;0.63;4.01;9.32;6.76
2021;JULIO;109.17;0.54;4.57;7.88;7.05
2021;AGOSTO;110.04;0.8;5.41;7.9;7.31
2021;SEPTIEMBRE;110.54;0.45;5.88;7.74;7.53
2021;OCTUBRE;111.24;0.64;6.56;7.72;7.75
2021;NOVIEMBRE;112.45;1.08;7.71;8.23;8
2021;DICIEMBRE;113.26;0.73;8.5;8.5;8.24
2022;ENERO;114.6;1.18;1.18;8.73;8.45
2022;FEBRERO;115.66;0.92;2.11;8.98;8.61
2022;MARZO;116.43;0.67;2.8;9.05;8.67
2022;ABRIL;117.54;0.96;3.78;9.64;8.68
2022;MAYO;118.12;0.49;4.29;9.47;8.6
2022;JUNIO;118.88;0.64;4.96;9.48;8.62
2022;JULIO;119.47;0.5;5.48;9.43;8.75
2022;AGOSTO;119.72;0.21;5.7;8.8;8.83
2022;SEPTIEMBRE;120.07;0.29;6.01;8.63;8.9
2022;OCTUBRE;120.41;0.28;6.31;8.24;8.93
2022;NOVIEMBRE;120.97;0.47;6.8;7.58;8.87
2022;DICIEMBRE;122.13;0.96;7.83;7.83;8.81
2023;ENERO;122.9;0.63;0.63;7.24;8.68
2023;FEBRERO;123.04;0.11;0.74;6.38;8.46
2023;MARZO;123.3;0.21;0.96;5.9;8.19
2023;ABRIL;123.6;0.24;1.21;5.15;7.81
2023;MAYO;123.36;-0.2;1.01;4.43;7.38
2023;JUNIO;123.63;0.22;1.23;4;6.92
2023;JULIO;124.19;0.45;1.69;3.95;6.46
2023;AGOSTO;124.83;0.52;2.21;4.27;6.09
2023;SEPTIEMBRE;125.37;0.43;2.65;4.41;5.74
2023;OCTUBRE;125.64;0.22;2.87;4.35;5.43
2023;NOVIEMBRE;125.81;0.14;3.01;4;5.13
2023;DICIEMBRE;126.49;0.54;3.57;3.57;4.79
2024;ENERO;126.98;0.39;0.39;3.32;4.46
2024;FEBRERO;127.09;0.09;0.48;3.3;4.21
2024;MARZO;127.47;0.3;0.78;3.38;4
2024;ABRIL;127.35;-0.1;0.68;3.03;3.83
2024;MAYO;127.3;-0.04;0.64;3.2;3.73
2024;JUNIO;127.91;0.48;1.12;3.46;3.68
2024;JULIO;128.58;0.53;1.66;3.54;3.65
2024;AGOSTO;129.1;0.4;2.07;3.42;3.58
2024;SEPTIEMBRE;129.49;0.3;2.37;3.29;3.49
2024;OCTUBRE;129.61;0.09;2.47;3.16;3.39
2024;NOVIEMBRE;129.81;0.16;2.63;3.18;3.32
2024;DICIEMBRE;130.72;0.7;3.35;3.35;3.3
2025;ENERO;131.2;0.37;0.37;3.32;3.3
2025;FEBRERO;131.62;0.32;0.69;3.56;3.33
2025;MARZO;132.04;0.31;1.01;3.58;3.34
2025;ABRIL;132.07;0.03;1.03;3.71;3.4
2025;MAYO;132.18;0.08;1.12;3.84;3.45
2025;JUNIO;132.46;0.21;1.33;3.56;3.46
2025;JULIO;132.95;0.38;1.71;3.4;3.45
2025;AGOSTO;133.9;0.71;2.43;3.71;3.47
2025;SEPTIEMBRE;134.35;0.34;2.77;3.76;3.51
2025;OCTUBRE;135.09;0.55;3.34;4.23;3.6
